places,placeid,user,userid,ratings
Bouddhanath,18,Ian B,1,4
Bouddhanath,18,Vani W,2,3.5
Bouddhanath,18,Gautam05,3,4.5
Bouddhanath,18,Deepak B,4,3
Bouddhanath,18,Jayesh M,5,3.5
Bouddhanath,18,karranjitsingh,6,4
Bouddhanath,18,im L,7,4
Bouddhanath,18,NepalTourTrek,8,4.5
Bouddhanath,18,john henry,9,5
Bouddhanath,18,drleemac,10,3.5
Bouddhanath,18,Alice B,11,4
Bouddhanath,18,downhillcyclist,12,4
Bouddhanath,18,SUNU PO,13,4
Bouddhanath,18,annminky,14,4
Bouddhanath,18,tarit1979,15,4.5
Bouddhanath,18,SirZec,16,4
Bouddhanath,18,Kumar H,17,4
Bouddhanath,18,Jacob M,18,4
Bouddhanath,18,G RAJENDRAN,19,5
Bouddhanath,18,ratu b,20,4.5
Bouddhanath,18,Cindy W,21,5
Bouddhanath,18,omaryelias,22,5
Bouddhanath,18,Suva Tours and Travels Pvt.Ltd,23,5
Bouddhanath,18,cmarcov,24,4.5
Bouddhanath,18,Toru O,25,4
Bouddhanath,18,smvNYC,26,4
Bouddhanath,18,Hong Leung,27,3.5
Bouddhanath,18,Harappa Tour & Travel,28,3.5
Bouddhanath,18,Sameer G,29,4
Bouddhanath,18,latikabishnoi02,30,4.5
Pashupatinath Temple,87,SUNU PO,13,4
Pashupatinath Temple,87,annminky,14,4.5
Pashupatinath Temple,87,Gunti,31,3
Pashupatinath Temple,87,Sanjay,32,3.5
Pashupatinath Temple,87,tarit1979,15,3
Pashupatinath Temple,87,Yogesh L,33,3
Pashupatinath Temple,87,Tom B,34,5
Pashupatinath Temple,87,MEG,35,4.5
Pashupatinath Temple,87,Kumar H,17,4
Pashupatinath Temple,87,maccer j,36,5
Pashupatinath Temple,87,lynne A,37,3
Pashupatinath Temple,87,Gautam05,3,3.5
Pashupatinath Temple,87,Jayesh M,5,4
Pashupatinath Temple,87,K Niaz Morshed,38,4.5
Pashupatinath Temple,87,Wen A,39,5
Pashupatinath Temple,87,Ganesh Srinivasan,40,5
Pashupatinath Temple,87,downhillcyclist,12,5
Pashupatinath Temple,87,annminky,14,4
Pashupatinath Temple,87,Gunti,31,4
Swayambhunath Temple,101,Mags,41,4.5
Swayambhunath Temple,101,James H,42,4.5
Swayambhunath Temple,101,annminky,14,5
Swayambhunath Temple,101,taylor m,43,5
Swayambhunath Temple,101,Eva H,44,3.5
Swayambhunath Temple,101,Tom B,34,3.5
Swayambhunath Temple,101,Adele T,45,3
Swayambhunath Temple,101,michaeltravelssome,46,3
Swayambhunath Temple,101,Ramakrishna Alur,47,4
Swayambhunath Temple,101,Jacob M,18,4
Swayambhunath Temple,101,Rajendra K,48,4
Swayambhunath Temple,101,TR@VIS SC0TT,49,4.5
Swayambhunath Temple,101,Rk Singh,50,4.5
Swayambhunath Temple,101,Sgrg069,51,4.5
Swayambhunath Temple,101,Michelle S,52,3
Swayambhunath Temple,101,Gautam05,3,3.5
Swayambhunath Temple,101,Jayesh M,5,3.5
Swayambhunath Temple,101,Steffanie D,53,3.5
Swayambhunath Temple,101,im L,7,3.5
Swayambhunath Temple,101,Ganesh Srinivasan,40,4
Thamel,106,Fazal Mahmud Roni,54,3
Thamel,106,brian r,55,3
Thamel,106,Global823893,56,3
Thamel,106,Beses NRN,57,3.5
Thamel,106,SUNU PO,13,3.5
Thamel,106,VineNFigTree,58,4
Thamel,106,tarit1979,15,4
Thamel,106,annminky,14,4.5
Thamel,106,Austin F,59,4.5
Thamel,106,cmarcov,24,4.5
Thamel,106,VineNFigTree,58,3
Thamel,106,annminky,14,3
Thamel,106,Austin F,59,3.5
Thamel,106,smvNYC,26,3.5
Thamel,106,Jhon S,60,3.5
Thamel,106,angelarK8845KX,61,4.5
Kathmandu Durbar Square,59,downhillcyclist,12,5
Kathmandu Durbar Square,59,annminky,14,5
Kathmandu Durbar Square,59,tarit1979,15,4.5
Kathmandu Durbar Square,59,Tom B,34,4.5
Kathmandu Durbar Square,59,ratu b,20,4.5
Kathmandu Durbar Square,59,Max W,62,4.5
Kathmandu Durbar Square,59,MalawiExpat,63,4
Kathmandu Durbar Square,59,Ishan R,64,4
Kathmandu Durbar Square,59,Sharma Ji,65,4
Kathmandu Durbar Square,59,cmarcov,24,4
Kathmandu Durbar Square,59,Michelle S,52,4.5
Kathmandu Durbar Square,59,Gautam05,3,3
Kathmandu Durbar Square,59,Jayesh M,5,3.5
Kathmandu Durbar Square,59,Fazal Mahmud Roni,54,3.5
Kathmandu Durbar Square,59,Pinkroseann,66,3.5
Kathmandu Durbar Square,59,pathfinndr,67,4
Kathmandu Durbar Square,59,Hilary H,68,4.5
Kathmandu Durbar Square,59,downhillcyclist,12,4.5
Kathmandu Durbar Square,59,annminky,14,4.5
The Crematoria,108,John W,69,0
The Crematoria,108,Carolyn W,70,1
The Crematoria,108,Rajendra K,48,0
The Crematoria,108,smvNYC,26,1
The Crematoria,108,L Pearce,71,0
The Crematoria,108,DiMka's_way,72,0
The Crematoria,108,heffflump,73,0
The Crematoria,108,Kevin B,74,0
The Crematoria,108,Greg W,75,1
The Crematoria,108,Fraser & Patrick,76,1
The Crematoria,108,Carolyn W,70,1
The Crematoria,108,Rajendra K,48,1
The Crematoria,108,DiMka's_way,72,1
The Crematoria,108,Greg W,75,0
The Crematoria,108,Fraser & Patrick,76,0
Kapan Monastery,55,Yujin L,77,4
Kapan Monastery,55,ÃÂÃÂ»ÃÂµÃÂºÃ‘ÂÃÂµÃÂ¹,78,4.5
Kapan Monastery,55,loo c,79,4.5
Kapan Monastery,55,Rahul G,80,4.5
Kapan Monastery,55,Shivi G,81,4
Kapan Monastery,55,Sightsee737349,82,4
Kapan Monastery,55,Robert W,83,3.5
Kapan Monastery,55,SF Guy,84,3.5
Kapan Monastery,55,Manoj S,85,4
Kapan Monastery,55,Rohit Chugh,86,4
Kapan Monastery,55,ÐÐ»ÐµÐºÑÐµÐ¹,87,5
Kapan Monastery,55,Sightsee737349,82,5
Kapan Monastery,55,Robert W,83,4.5
Garden of Dreams,37,John W,69,3
Garden of Dreams,37,downhillcyclist,12,3.5
Garden of Dreams,37,Carolyn W,70,4
Garden of Dreams,37,MichelleI_11,88,4
Garden of Dreams,37,SUNU PO,13,4
Garden of Dreams,37,Anurada D,89,4.5
Garden of Dreams,37,Tom B,34,4.5
Garden of Dreams,37,Rafael H,90,4
Garden of Dreams,37,Daniel Santos,91,3
Garden of Dreams,37,ratu b,20,3
Garden of Dreams,37,Michelle S,52,3
Garden of Dreams,37,Hilary H,68,3
Garden of Dreams,37,John W,69,3
Garden of Dreams,37,MichelleI_11,88,4.5
Garden of Dreams,37,Anurada D,89,4.5
Garden of Dreams,37,Rafael H,90,5
Chandragiri Hills,28,James H,42,5
Chandragiri Hills,28,tarit1979,15,5
Chandragiri Hills,28,ratu b,20,5
Chandragiri Hills,28,smvNYC,26,4.5
Chandragiri Hills,28,Mahmudul H,92,4.5
Chandragiri Hills,28,ravikhorana,93,4.5
Chandragiri Hills,28,DUGUÃƒâ€° H,94,4
Chandragiri Hills,28,Vishva_71,95,4
Chandragiri Hills,28,pepeto,96,4
Chandragiri Hills,28,kok,97,5
Chandragiri Hills,28,Chris_atc,98,5
Chandragiri Hills,28,Satish Joshi,99,4.5
Chandragiri Hills,28,James H,42,4.5
Chandragiri Hills,28,ratu b,20,3.5
Chandragiri Hills,28,DUGUÃ‰ H,100,4.5
Budhanilkantha,21,Rajendra K,48,4.5
Budhanilkantha,21,Sneha Prakash M,101,5
Budhanilkantha,21,Isabella S,102,5
Budhanilkantha,21,stroller,103,4
Budhanilkantha,21,Rahul G,80,4
Budhanilkantha,21,Sivakumar V,104,4
Budhanilkantha,21,Kamal (Singh) Thapa,105,4.5
Budhanilkantha,21,Vince E,106,3.5
Budhanilkantha,21,Leanne D,107,3.5
Budhanilkantha,21,Jayesh M,5,3.5
Budhanilkantha,21,Isabella S,102,4
Budhanilkantha,21,Sivakumar V,104,4
Budhanilkantha,21,Kamal (Singh) Thapa,105,5
Hanuman Dhoka,43,Jhon S,60,5
Hanuman Dhoka,43,AMAR S,108,5
Hanuman Dhoka,43,Dom,109,4
Hanuman Dhoka,43,fishfaceNorfolk,110,4
Hanuman Dhoka,43,Jalal Iqbal,111,4
Hanuman Dhoka,43,Suman_Manandhar,112,4.5
Hanuman Dhoka,43,BholaBanstola,113,4.5
Hanuman Dhoka,43,JiaJia,114,4.5
Hanuman Dhoka,43,barcaranger,115,4
Hanuman Dhoka,43,bojfilzagreb,116,4
Hanuman Dhoka,43,AMAR S,108,4
Hanuman Dhoka,43,Dom,109,4
Hanuman Dhoka,43,BholaBanstola,113,3.5
Hanuman Dhoka,43,barcaranger,115,4
Hanuman Dhoka,43,Ponceau E,117,4
Hanuman Dhoka,43,kirog,118,3.5
Hanuman Dhoka,43,Eimer H,119,3
Hanuman Dhoka,43,Ajay K,120,3
Hanuman Dhoka,43,Charlotte P,121,3
Hanuman Dhoka,43,Harriet A,122,3
Hanuman Dhoka,43,Tuyen N,123,4
Hanuman Dhoka,43,Estele R,124,4
Hanuman Dhoka,43,Johan F,125,4
Hanuman Dhoka,43,Vania M,126,4
Himalayan Yoga Association,46,Ponceau E,117,4
Himalayan Yoga Association,46,kirog,118,3
Himalayan Yoga Association,46,Eimer H,119,3
Himalayan Yoga Association,46,Ajay K,120,4
Himalayan Yoga Association,46,Charlotte P,121,4
Himalayan Yoga Association,46,Harriet A,122,4
Himalayan Yoga Association,46,Tuyen N,123,4
Himalayan Yoga Association,46,Estele R,124,3.5
Himalayan Yoga Association,46,Johan F,125,3.5
Himalayan Yoga Association,46,Vania M,126,3.5
Himalayan Yoga Association,46,sara b,127,4
Himalayan Yoga Association,46,Ayla,128,4
Himalayan Yoga Association,46,Anna T,129,4.5
Himalayan Yoga Association,46,Lucile S,130,4.5
Himalayan Yoga Association,46,Teju,131,4
Himalayan Yoga Association,46,Fiona M,132,4
Himalayan Yoga Association,46,Rashi S,133,4
Himalayan Yoga Association,46,Dahlia N,134,4.5
Himalayan Yoga Association,46,Daniel W,135,4.5
Himalayan Yoga Association,46,Lucy Freebird,136,3
Asan,5,CKF,137,3
Asan,5,Isabella S,102,3
Asan,5,Surendra G,138,4
Asan,5,Pravi M,139,2
Asan,5,TheOExpressÃ°Å¸ÂÂ´Ã³Â ÂÂ§Ã³Â ÂÂ¢Ã³Â ÂÂ·Ã³Â ÂÂ¬Ã³Â ÂÂ³Ã³Â ÂÂ¿Ã°Å¸â€¡Â­Ã°Å¸â€¡Â°,140,4
Asan,5,Kyale Chn,141,4
Asan,5,barcaranger,115,4
Asan,5,Alexander Pujol,142,4
Asan,5,Angiras A,143,5
Asan,5,Amal-Elyahyaoui,144,5
Asan,5,Fazal Mahmud Roni,54,4
Asan,5,CKF,137,4
Asan,5,TheOExpressðŸ´ó §ó ¢ó ·ó ¬ó ³ó ¿ðŸ‡­ðŸ‡°,145,4
Asan,5,barcaranger,115,4
Asan,5,Alexander Pujol,142,4
Dakshinkali Temple,31,ishwor dhakal,146,4
Dakshinkali Temple,31,Rahul G,80,4.5
Dakshinkali Temple,31,Jalal Iqbal,111,5
Dakshinkali Temple,31,The_Traveling_Expat,147,4.5
Dakshinkali Temple,31,rama1,148,3
Dakshinkali Temple,31,Dilip S,149,3
Dakshinkali Temple,31,Shuddho G,150,3
Dakshinkali Temple,31,Satish G,151,3.5
Dakshinkali Temple,31,ginnyg0708,152,4.5
Dakshinkali Temple,31,Pantelis_Rhodes,153,3.5
Dakshinkali Temple,31,Jalal Iqbal,111,4
Dakshinkali Temple,31,The_Traveling_Expat,147,4.5
Dakshinkali Temple,31,rama1,148,4.5
Dakshinkali Temple,31,Dilip S,149,3
Namo Buddha (Stupa),80,Abby D Citron,154,3
Namo Buddha (Stupa),80,SandFlogger,155,4
Namo Buddha (Stupa),80,Stephanie H,156,4
Namo Buddha (Stupa),80,loo c,79,4.5
Namo Buddha (Stupa),80,Been Od,157,4.5
Namo Buddha (Stupa),80,Rahul G,80,4.5
Namo Buddha (Stupa),80,Kamal (Singh) Thapa,105,4.5
Namo Buddha (Stupa),80,Edward Nelson,158,4
Namo Buddha (Stupa),80,Sarita,159,4
Namo Buddha (Stupa),80,Leanne D,107,4
Namo Buddha (Stupa),80,brian r,55,4
Namo Buddha (Stupa),80,SandFlogger,155,5
Namo Buddha (Stupa),80,Been Od,157,5
Namo Buddha (Stupa),80,Edward Nelson,158,5
Kumari Chowk,64,Nep A,160,3
Kumari Chowk,64,duhoz,161,3
Kumari Chowk,64,stroller,103,2.5
Kumari Chowk,64,loo c,79,2
Kumari Chowk,64,AZCasualTraveler,162,2
Kumari Chowk,64,Jalal Iqbal,111,2.5
Kumari Chowk,64,minnesotans4,163,2.5
Kumari Chowk,64,BholaBanstola,113,2
Kumari Chowk,64,Travelgal224466,164,2
Kumari Chowk,64,amsterdam05,165,3
Kumari Chowk,64,Fazal Mahmud Roni,54,3
Kumari Chowk,64,duhoz,161,3
Kumari Chowk,64,AZCasualTraveler,162,3
Kumari Chowk,64,minnesotans4,163,3
Kumari Chowk,64,BholaBanstola,113,3
Kumari Chowk,64,Travelgal224466,164,3
Basantapur Tower,10,Nep A,160,3
Basantapur Tower,10,Sharif Razi Al Mahmud,166,3.5
Basantapur Tower,10,Kiran S,167,3.5
Basantapur Tower,10,colonial,168,4
Basantapur Tower,10,Manoj S,85,4.5
Basantapur Tower,10,BholaBanstola,113,4
Basantapur Tower,10,Aurora S,169,3
Basantapur Tower,10,Rasheda,170,3
Basantapur Tower,10,joshmarsha,171,3
Basantapur Tower,10,C Herbert,172,3
Basantapur Tower,10,Jayesh M,5,3
Basantapur Tower,10,Kiran S,167,3.5
Basantapur Tower,10,colonial,168,3.5
Basantapur Tower,10,BholaBanstola,113,3.5
Museum of Nepali Art,75,Michelle S,52,2
Museum of Nepali Art,75,Tin100tin,173,3.5
Museum of Nepali Art,75,Cormac Brissett,174,4
Museum of Nepali Art,75,Ree,175,4
Museum of Nepali Art,75,Ethan M,176,2.5
Museum of Nepali Art,75,Sally L,177,2.5
Museum of Nepali Art,75,Kate G,178,3
Museum of Nepali Art,75,Leedstraveller66,179,3
Museum of Nepali Art,75,Jessica vaidya,180,4
Museum of Nepali Art,75,Palistha Tuladhar,181,4
Museum of Nepali Art,75,sworup A,182,4
Museum of Nepali Art,75,Shaguni Singh Sakya,183,4
Museum of Nepali Art,75,lmueller513,184,4
Museum of Nepali Art,75,Sajan S,185,2.5
Museum of Nepali Art,75,Ayush T,186,2.5
Museum of Nepali Art,75,Santosh K,187,2.5
Museum of Nepali Art,75,Kanchha L,188,2.5
Museum of Nepali Art,75,neesa,189,3
Museum of Nepali Art,75,Ayelet_Linik,190,3
Museum of Nepali Art,75,ninip2016,191,3
Jaganath Krishna Temple,48,AMAR S,108,3
Jaganath Krishna Temple,48,Rahul G,80,3
Jaganath Krishna Temple,48,Jalal Iqbal,111,3
Jaganath Krishna Temple,48,Dinesh Mahat,192,3
Jaganath Krishna Temple,48,Pradeep A,193,3
Jaganath Krishna Temple,48,Padcee,194,3.5
Jaganath Krishna Temple,48,Amal-Elyahyaoui,144,3.5
Jaganath Krishna Temple,48,NaderH,195,3.5
Jaganath Krishna Temple,48,vendig0,196,3.5
Jaganath Krishna Temple,48,Terry S,197,3.5
Jaganath(Krishna) Temple,49,AMAR S,108,3.5
Jaganath(Krishna) Temple,49,Rahul G,80,3.5
Jaganath(Krishna) Temple,49,Jalal Iqbal,111,3.5
Jaganath(Krishna) Temple,49,Dinesh Mahat,192,3
Jaganath(Krishna) Temple,49,Pradeep A,193,3
Jaganath(Krishna) Temple,49,Padcee,194,3
Jaganath(Krishna) Temple,49,Amal-Elyahyaoui,144,3
Jaganath(Krishna) Temple,49,NaderH,195,3
Jaganath(Krishna) Temple,49,vendig0,196,3
Jaganath(Krishna) Temple,49,Terry S,197,3
Narayanhiti Palace Museum,82,tarit1979,15,4
Narayanhiti Palace Museum,82,Tin100tin,173,4
Narayanhiti Palace Museum,82,Kathy C,198,5
Narayanhiti Palace Museum,82,Leedstraveller66,179,5
Narayanhiti Palace Museum,82,Dave,199,5
Narayanhiti Palace Museum,82,Pepsi,200,4.5
Narayanhiti Palace Museum,82,nitesh,201,4.5
Narayanhiti Palace Museum,82,Manoj S,85,4.5
Narayanhiti Palace Museum,82,Leanne D,107,5
Narayanhiti Palace Museum,82,BholaBanstola,113,5
Narayanhiti Palace Museum,82,Michelle,202,5
Narayanhiti Palace Museum,82,Sgrg069,51,4.5
Narayanhiti Palace Museum,82,Gautam05,3,4
Narayanhiti Palace Museum,82,Jayesh M,5,4
Narayanhiti Palace Museum,82,Tin100tin,173,4
Narayanhiti Palace Museum,82,Kathy C,198,4.5
Kala Bhairav,53,Sophia B,203,4.5
Kala Bhairav,53,RoxxyKnoxx,204,3
Kala Bhairav,53,Sharif Razi Al Mahmud,166,3
Kala Bhairav,53,jessy23goa,205,3
Kala Bhairav,53,Rahul G,80,5
Kala Bhairav,53,Jalal Iqbal,111,4
Kala Bhairav,53,SF Guy,84,4
Kala Bhairav,53,minnesotans4,163,4
Kala Bhairav,53,BholaBanstola,113,4
Kala Bhairav,53,Travelgal224466,164,4
Kala Bhairav,53,RoxxyKnoxx,204,3
Kala Bhairav,53,Jalal Iqbal,111,3
Kala Bhairav,53,minnesotans4,163,3
Kala Bhairav,53,BholaBanstola,113,3
Kala Bhairav,53,Travelgal224466,164,3
Nepal Yoga Home,86,Karen Gamus,206,3.5
Nepal Yoga Home,86,Julie C,207,3.5
Nepal Yoga Home,86,Ishwa A,208,4
Nepal Yoga Home,86,Sahara A,209,4
Nepal Yoga Home,86,Leonie marie,210,4.5
Nepal Yoga Home,86,Ð•ÐºÐ°Ñ‚ÐµÑ€Ð¸Ð½Ð° Ð‘,211,4.5
Nepal Yoga Home,86,Curry Yeung,212,3
Nepal Yoga Home,86,Hana B,213,3
Nepal Yoga Home,86,Jason D,214,3
Nepal Yoga Home,86,manon G,215,4.5
Ananda Natural Therapy,3,Bimal M,216,4
Ananda Natural Therapy,3,Girija S,217,4
Ananda Natural Therapy,3,Seanie L,218,4
Ananda Natural Therapy,3,swami ananda amrit,219,3
Ananda Natural Therapy,3,Mina P,220,3
Ananda Natural Therapy,3,Johanna-Maria F,221,3
Ananda Natural Therapy,3,Phurba G,222,3
Ananda Natural Therapy,3,Lamin L,223,3.5
Ananda Natural Therapy,3,Keshar k,224,3.5
Ananda Natural Therapy,3,Kiran L,225,3.5
Nepal Cooking School,85,Natasha T,226,4
Nepal Cooking School,85,Gillian C,227,4
Nepal Cooking School,85,Mitch,228,4.5
Nepal Cooking School,85,Niall T,229,3
Nepal Cooking School,85,Imnannoosaa,230,3
Nepal Cooking School,85,Carla,231,2
Nepal Cooking School,85,Trip J,232,2
Nepal Cooking School,85,Marie B,233,1
Nepal Cooking School,85,TimHill2013,234,1
Nepal Cooking School,85,Kaisa,235,1.5
Zen Spa,119,rupesh t,236,1.5
Zen Spa,119,S D Sukhcharan D,237,3
Zen Spa,119,Ravi S,238,3
Zen Spa,119,Tamara W,239,3
Zen Spa,119,Thomas S,240,3
Zen Spa,119,Roland Beuker,241,2
Zen Spa,119,Seb,242,2
Zen Spa,119,Tanya H,243,2
Zen Spa,119,Akash M,244,2
Zen Spa,119,Eliza,245,2
Zen Spa,119,Quinn A,246,2
Zen Spa,119,Raaz,247,3
Zen Spa,119,Ula Oboza,248,2
Zen Spa,119,Anna K,249,3
Zen Spa,119,Satiz,250,3
Zen Spa,119,Anjali A,251,3
Zen Spa,119,santosh g,252,2
Zen Spa,119,FrequentFlier560457,253,2
Zen Spa,119,Siw Holte O,254,2
Zen Spa,119,Rameswor K,255,2.5
S.K Handicrafts,92,Jakob R.,256,2.5
S.K Handicrafts,92,Eszter v,257,3.5
S.K Handicrafts,92,Marie,258,3.5
S.K Handicrafts,92,Heidy M,259,2
S.K Handicrafts,92,Trudy J,260,2
S.K Handicrafts,92,Joanna Churchill,261,3.5
S.K Handicrafts,92,jo churchill,262,2.5
S.K Handicrafts,92,Flo,263,2.5
S.K Handicrafts,92,Monsurul,264,3
S.K Handicrafts,92,Are I,265,3
S.K Handicrafts,92,Igor K,266,3.5
S.K Handicrafts,92,Pustak G,267,3.5
S.K Handicrafts,92,Mario P,268,3.5
S.K Handicrafts,92,Kathrin H,269,3
S.K Handicrafts,92,Nadezhda,270,3
S.K Handicrafts,92,Elif B,271,3
S.K Handicrafts,92,OanaDM,272,3
S.K Handicrafts,92,Nana,273,3.5
S.K Handicrafts,92,Alexander F,274,3.5
S.K Handicrafts,92,Astrid H,275,3.5
Bouddhanath,18,Seane P,276,3.5
Bouddhanath,18,ratu b,20,4
Kopan Monastery,63,Yujin L,77,4
Kopan Monastery,63,ÃÂÃÂ»ÃÂµÃÂºÃ‘ÂÃÂµÃÂ¹,78,4
Kopan Monastery,63,loo c,79,4
Kopan Monastery,63,Rahul G,80,4.5
Kopan Monastery,63,Shivi G,81,4.5
Kopan Monastery,63,Sightsee737349,82,4.5
Kopan Monastery,63,Robert W,83,4.5
Kopan Monastery,63,SF Guy,84,2
Kopan Monastery,63,Manoj S,85,2
Kopan Monastery,63,Rohit Chugh,86,3.5
Shivapuri Nagarjun National Park,99,Scott H,277,3
Shivapuri Nagarjun National Park,99,Gaze Nepal,278,4
Shivapuri Nagarjun National Park,99,Laurin F,279,4
Shivapuri Nagarjun National Park,99,Jalal Iqbal,111,4
Shivapuri Nagarjun National Park,99,BholaBanstola,113,4
Shivapuri Nagarjun National Park,99,Mukesh S,280,4.5
Shivapuri Nagarjun National Park,99,kasiulka6,281,5
Shivapuri Nagarjun National Park,99,joanne v,282,5
Shivapuri Nagarjun National Park,99,flickerNM7,283,4.5
Shivapuri Nagarjun National Park,99,cool d,284,4.5
Kailashnath Mahadev,51,Sivakumar V,104,4.5
Kailashnath Mahadev,51,Jalal Iqbal,111,3
Kailashnath Mahadev,51,Kyale Chn,141,3
Kailashnath Mahadev,51,Geeta Krishnan,285,3
Kailashnath Mahadev,51,Travel with Hemant,286,3
Kailashnath Mahadev,51,Ganesh V,287,5
Kailashnath Mahadev,51,Cosmic Trekking E,288,5
Kailashnath Mahadev,51,Pradeep A,193,4
Kailashnath Mahadev,51,Ramesh,289,4
Kailashnath Mahadev,51,Navyo Nepal,290,4
Budhanilkantha,21,BholaBanstola,113,4
Babar Mahal,7,Travelwithme,291,4
Babar Mahal,7,EnglishTripHead,292,3
Babar Mahal,7,Sightseer791902,293,3
Babar Mahal,7,Sallyanne B,294,3
Babar Mahal,7,Elizabeth H,295,3
Babar Mahal,7,Mulmi K,296,3
Babar Mahal,7,DL2Some,297,4.5
Babar Mahal,7,judgeh4,298,4
Babar Mahal,7,nirajsomaiya,299,4
Babar Mahal,7,chrysalic,300,3.5
Phulchowki,88,Mandeville1322,301,4
Phulchowki,88,Subash poudyal,302,4.5
Phulchowki,88,Vimal,303,3.5
Phulchowki,88,Naturetreks,304,3
Phulchowki,88,Sarita,159,3.5
Phulchowki,88,Artos76,305,4
Phulchowki,88,Nabin D,306,4.5
Phulchowki,88,Sumitkumar_13,307,5
Phulchowki,88,FaruqFaisel,308,4.5
Phulchowki,88,Trek with Serku,309,3
Budhanilakantha Temple,20,Isabella S,102,5
Budhanilakantha Temple,20,Rahul G,80,4.5
Budhanilakantha Temple,20,Jalal Iqbal,111,3.5
Budhanilakantha Temple,20,Vasant S,310,3
Budhanilakantha Temple,20,Balasubramanian R,311,2.5
Budhanilakantha Temple,20,sunildhar21,312,2
Budhanilakantha Temple,20,Vinay Kumar,313,4.5
Budhanilakantha Temple,20,M Baskar,314,4
Budhanilakantha Temple,20,Rezwanur R,315,3.5
Budhanilakantha Temple,20,Upasana chettri,316,3
Pullahari Monastery,89,Karine V,317,2
Pullahari Monastery,89,PamelaSS888,318,4.5
Pullahari Monastery,89,VWillas,319,4
Pullahari Monastery,89,Dominique L,320,4
Pullahari Monastery,89,Tshering Sherpa,321,2
Pullahari Monastery,89,Mandy,322,3.5
Pullahari Monastery,89,PamelaSS888,318,3
Pullahari Monastery,89,nik_0107,323,4.5
Pullahari Monastery,89,Asiyah Noemi K,324,2.5
Pullahari Monastery,89,blaze0fglory,325,2
National Botanical Gardens,83,kipepeo,326,5
National Botanical Gardens,83,Abhash Adhikari,327,3
National Botanical Gardens,83,stefafra2016,328,4
National Botanical Gardens,83,antiqueflash,329,4.5
National Botanical Gardens,83,clare h,330,3.5
National Botanical Gardens,83,MyIndiaPilgrimage,331,4
National Botanical Gardens,83,Sumitkumar_13,307,5
National Botanical Gardens,83,visitor0701,332,4.5
National Botanical Gardens,83,April M,333,4
National Botanical Gardens,83,Trek with Serku,309,3
Indra Chowk,47,Sophia B,203,4
Indra Chowk,47,jaccy c,334,4.5
Indra Chowk,47,Prism Homestay,335,3
Indra Chowk,47,Kai Wah,336,3.5
Indra Chowk,47,Michael C,337,2.5
Indra Chowk,47,Alexander Pujol,142,4
Indra Chowk,47,Gana Pati O,338,4
Indra Chowk,47,Joe N,339,5
Indra Chowk,47,Sanjay Nepal,340,4.5
Indra Chowk,47,Terry S,197,3
Kathesimbu Stupa,58,Trudi F,341,4
Kathesimbu Stupa,58,Alex L,342,4.5
Kathesimbu Stupa,58,whatmaryloves,343,3
Kathesimbu Stupa,58,Bill K,344,2.5
Kathesimbu Stupa,58,danzmerv,345,4
Kathesimbu Stupa,58,KathmanduMazza,346,3
Kathesimbu Stupa,58,Alexander Pujol,142,5
Kathesimbu Stupa,58,Wennie W,347,4
Kathesimbu Stupa,58,moviegeekjn,348,3
Kathesimbu Stupa,58,junewaylim,349,2
Akash Bhairav Temple,1,Ajay Khadka,350,4.5
Akash Bhairav Temple,1,Prism Homestay,335,4
Akash Bhairav Temple,1,BholaBanstola,113,4.5
Akash Bhairav Temple,1,gobin,351,3
Akash Bhairav Temple,1,Tour47822866425,352,4
Akash Bhairav Temple,1,moviegeekjn,348,3.5
Akash Bhairav Temple,1,Joe N,339,2.5
Akash Bhairav Temple,1,Doris Antonia Egli,353,5
Akash Bhairav Temple,1,Oldjack,354,4
Akash Bhairav Temple,1,J R,355,4
Mandala Street,68,barcaranger,115,5
Mandala Street,68,Sarah B,356,4.5
Mandala Street,68,Tim D,357,3.5
Mandala Street,68,Lia J,358,3
Mandala Street,68,stupot1944,359,4.5
Mandala Street,68,enricoca1,360,4
Mandala Street,68,BillTaylor2014,361,3
Mandala Street,68,Bill Y,362,3
Mandala Street,68,One_of_the_BOFs,363,4
Mandala Street,68,Pradeep A,193,4.5
Sankhu Village,93,Richard M,364,2
Sankhu Village,93,Eva H,44,4.5
Sankhu Village,93,Rojan Shrestha,365,3.5
Sankhu Village,93,Trek with Serku,309,4
Sankhu Village,93,JamesHarry W,366,4
Sankhu Village,93,bose_rima,367,3
Sankhu Village,93,Rojan Shrestha,365,3.5
Sankhu Village,93,gaos,368,3
Sankhu Village,93,Royhancock,369,4.5
Sankhu Village,93,bhumi1008,370,5
Amideva Buddha Park,2,Jalal Iqbal,111,5
Amideva Buddha Park,2,Kyale Chn,141,4.5
Amideva Buddha Park,2,Frank v,371,4.5
Amideva Buddha Park,2,Toni G,372,4
Amideva Buddha Park,2,marcoovw,373,3.5
Amideva Buddha Park,2,John H,374,3
Amideva Buddha Park,2,tronkus,375,3.5
Amideva Buddha Park,2,Peregrineri,376,4
Amideva Buddha Park,2,Dubaide,377,4
Amideva Buddha Park,2,moviegeekjn,348,3.5
Vajrayogini Temple,115,Raghu4Travel,378,4.5
Vajrayogini Temple,115,Kathy V,379,4
Vajrayogini Temple,115,Alaya_Nepal,380,3.5
Vajrayogini Temple,115,FirstRebreather,381,3.5
Vajrayogini Temple,115,Sumitkumar_13,307,3
Vajrayogini Temple,115,bhaskarababu a,382,3.5
Vajrayogini Temple,115,Kevin S,383,4
Vajrayogini Temple,115,Trek with Serku,309,4.5
Vajrayogini Temple,115,Paulsir,384,5
Vajrayogini Temple,115,Barry P,385,4
Astrek Climbing Wall,6,Kareelas,386,4
Astrek Climbing Wall,6,Gaze Nepal,278,3.5
Astrek Climbing Wall,6,Aisha Shrestha,387,4
Astrek Climbing Wall,6,tbroyle,388,5
Astrek Climbing Wall,6,Shahel S,389,4.5
Astrek Climbing Wall,6,Christian Q,390,3.5
Astrek Climbing Wall,6,Gypsy C,391,3
Astrek Climbing Wall,6,msga12,392,4
Astrek Climbing Wall,6,activetravlr,393,4.5
Astrek Climbing Wall,6,Zineb B,394,4
Changu Narayan,104,Jalal Iqbal,111,4.5
Changu Narayan,104,Rebecca,395,5
Changu Narayan,104,zeropeerpressure,396,4.5
Changu Narayan,104,bojfilzagreb,116,3.5
Changu Narayan,104,Sabi T,397,3
Changu Narayan,104,Ganesh V,287,4
Changu Narayan,104,Raghu4Travel,378,4.5
Changu Narayan,104,Trekker2020,398,4.5
Changu Narayan,104,Alaya_Nepal,380,3.5
Changu Narayan,104,Jacqueline J,399,3
White Monastery,117,velonico,400,4
White Monastery,117,ÃÂÃÂ½ÃÂ´Ã‘â‚¬ÃÂµÃÂ¹ Ã‘â€¦ÃÂ°Ã‘â‚¬ÃÂµÃÂ»,401,3
White Monastery,117,Pradeep A,193,2.5
White Monastery,117,Rajib Amatya,402,3
White Monastery,117,Sumitkumar_13,307,3.5
White Monastery,117,Raiz M,403,4.5
White Monastery,117,cindyanddoug,404,4
White Monastery,117,Diane H,405,3
White Monastery,117,766padmat,406,3.5
White Monastery,117,bose_rima,367,3
Taudaha Lake,103,Jaya N Bhandari,407,4.5
Taudaha Lake,103,Suraj TM,408,4.5
Taudaha Lake,103,Kiran S,167,4
Taudaha Lake,103,Sanjib C,409,3.5
Taudaha Lake,103,Raju R,410,3
Taudaha Lake,103,Rashna Maharjan,411,4
Taudaha Lake,103,nicky j,412,4.5
Taudaha Lake,103,Kalena D,413,5
Taudaha Lake,103,bose_rima,367,3.5
Taudaha Lake,103,Nepal Trekking Trails Pvt. Ltd.,414,3.5
Shechen Monastery,96,Pramesh Shrestha,415,5
Shechen Monastery,96,Alnoor K,416,4.5
Shechen Monastery,96,vilasini108,417,3
Shechen Monastery,96,PamelaSS888,318,3.5
Shechen Monastery,96,Nikhil,418,3
Shechen Monastery,96,Oldjack,354,2.5
Shechen Monastery,96,Peregrineri,376,4
The National Museum,109,Artgirl831,419,2
The National Museum,109,moviegeekjn,348,2.5
The National Museum,109,visitor0701,332,3.5
The National Museum,109,Jalal Iqbal,111,3
The National Museum,109,Rodkoi,420,4
The National Museum,109,Frank v,371,3.5
The National Museum,109,hazzamarri2442,421,3.5
The National Museum,109,oovavoo,422,3
The National Museum,109,etudiant4_green,423,4
The National Museum,109,yadav,424,2
Nagarjun Forest Reserve,77,Charles B,425,4
Nagarjun Forest Reserve,77,Lara VuliÃ„â€¡,426,4.5
Nagarjun Forest Reserve,77,Frank v,371,4
Nagarjun Forest Reserve,77,Himalayan Local Guide Pvt. Ltd,427,3.5
Nagarjun Forest Reserve,77,mickknap,428,4
Nagarjun Forest Reserve,77,onroute66,429,4
Nagarjun Forest Reserve,77,Sumitkumar_13,307,4.5
Nagarjun Forest Reserve,77,Armand Dirks,430,5
Nagarjun Forest Reserve,77,solocoombe,431,5
Nagarjun Forest Reserve,77,VdaK,432,4.5
Degu Taleju Temple,32,Terry S,197,4.5
Degu Taleju Temple,32,One_of_the_BOFs,363,4
Degu Taleju Temple,32,Doris Antonia Egli,353,3.5
Degu Taleju Temple,32,Oldjack,354,3
Degu Taleju Temple,32,peetajohn,433,3.5
Degu Taleju Temple,32,Victoria P,434,3
Degu Taleju Temple,32,Eaa1947,435,4.5
Degu Taleju Temple,32,Wynn R,436,4
Degu Taleju Temple,32,Sumitkumar_13,307,4
Degu Taleju Temple,32,NK S,437,5
Cathedral of th Assumption of the Blessed Virgin Mary,26,BarbGolda,438,3.5
Cathedral of th Assumption of the Blessed Virgin Mary,26,Talampakan,439,3.5
Cathedral of th Assumption of the Blessed Virgin Mary,26,Katarzyna W,440,3
Cathedral of th Assumption of the Blessed Virgin Mary,26,Terp2010,441,4
Cathedral of th Assumption of the Blessed Virgin Mary,26,Siewwan,442,4.5
Cathedral of th Assumption of the Blessed Virgin Mary,26,JCJ v Speijk,443,5
Cathedral of th Assumption of the Blessed Virgin Mary,26,Commited_Traveller,444,4
Cathedral of th Assumption of the Blessed Virgin Mary,26,Jeanne M,445,3.5
Cathedral of th Assumption of the Blessed Virgin Mary,26,Dawid A,446,3
Cathedral of th Assumption of the Blessed Virgin Mary,26,Allie P,447,4.5
Seto Machindranath Temple,94,QuakesNewYork,448,5
Seto Machindranath Temple,94,Pradeep A,193,4.5
Seto Machindranath Temple,94,Roger W,449,4.5
Seto Machindranath Temple,94,chaletaria,450,4
Seto Machindranath Temple,94,Sumitkumar_13,307,3.5
Seto Machindranath Temple,94,danielaniderost,451,3
Seto Machindranath Temple,94,jdc8mbc,452,3.5
Seto Machindranath Temple,94,Vishnu Pendyala,453,4
Seto Machindranath Temple,94,Kimitaka S,454,4
Seto Machindranath Temple,94,Sevag D,455,3.5
Nagi Gompa,78,Jesica R,456,4.5
Nagi Gompa,78,Deependra,457,3.5
Nagi Gompa,78,SKA - Adventures,458,2
Nagi Gompa,78,grace_from_mn,459,2.5
Nagi Gompa,78,Farida Arum,460,4.5
Nagi Gompa,78,Shiva R,461,4
Nagi Gompa,78,Judith A,462,3.5
Nagi Gompa,78,scoodly,463,3.5
Nagi Gompa,78,swopnil-himalayan,464,3
Nagi Gompa,78,sonamsherpa2014,465,2
Casino Royale,25,Suman R Gupta,466,3.5
Casino Royale,25,Yash Mittal,467,4
Casino Royale,25,enigmatic1989,468,3.5
Casino Royale,25,Amit Sharma,469,3
Casino Royale,25,Argyridou S,470,4.5
Casino Royale,25,Nhussain25,471,5
Casino Royale,25,Puneet K,472,4
Casino Royale,25,yesarar,473,4
Casino Royale,25,Sidhant Singh,474,3.5
Casino Royale,25,Sumitkumar_13,307,3
Freak Street(Jhhonchen Tole),35,Aussie_Binturong,475,4
Freak Street(Jhhonchen Tole),35,Oldjack,354,3.5
Freak Street(Jhhonchen Tole),35,Chomperpig,476,3
Freak Street(Jhhonchen Tole),35,Sandy,477,3.5
Freak Street(Jhhonchen Tole),35,Diksha S,478,4
Freak Street(Jhhonchen Tole),35,BangkokAndy1976,479,5
Freak Street(Jhhonchen Tole),35,Soojansth,480,4.5
Freak Street(Jhhonchen Tole),35,gastronaut_11,481,5
Freak Street(Jhhonchen Tole),35,Silverbuck49,482,4
Freak Street(Jhhonchen Tole),35,meganandrichard,483,4
Aarya Ghat,0,Jalal Iqbal,111,2.5
Aarya Ghat,0,Nova Evan Baskara,484,3
Aarya Ghat,0,Aleks L,485,3
Aarya Ghat,0,geomom01,486,3.5
Aarya Ghat,0,travellerktm,487,3.5
Aarya Ghat,0,Allen A Hale,488,3
Aarya Ghat,0,feindigo,489,2
Aarya Ghat,0,Niranjan L,490,2.5
Aarya Ghat,0,cristabern,491,3
Basantapur Dabali,9,One_of_the_BOFs,363,3.5
Basantapur Dabali,9,Oldjack,354,3.5
Basantapur Dabali,9,Bibek Poudel,492,4
Basantapur Dabali,9,1TheBoudhaINN,493,3.5
Basantapur Dabali,9,Ace A,494,3
Basantapur Dabali,9,Yogendra Rajkarnikar,495,4.5
Basantapur Dabali,9,James Bond,496,4
Taragaon Museum,102,TheOExpressÃ°Å¸ÂÂ´Ã³Â ÂÂ§Ã³Â ÂÂ¢Ã³Â ÂÂ·Ã³Â ÂÂ¬Ã³Â ÂÂ³Ã³Â ÂÂ¿Ã°Å¸â€¡Â­Ã°Å¸â€¡Â°,140,2.5
Taragaon Museum,102,Tshering Sherpa,321,3.5
Taragaon Museum,102,aakriti2013,497,3.5
Taragaon Museum,102,yogiexplorer,498,4
Taragaon Museum,102,pandorastein,499,4.5
Taragaon Museum,102,Elise G,500,4
Taragaon Museum,102,woodstock108,501,4
Taragaon Museum,102,sealrocker,502,4.5
Taragaon Museum,102,GoGo2SlowGo,503,3.5
Boudha Farmers Market at Utpala CafÃ©,19,Sofia M,504,4.5
Boudha Farmers Market at Utpala CafÃ©,19,Travel k,505,4
Boudha Farmers Market at Utpala CafÃ©,19,Sweata,506,3.5
Boudha Farmers Market at Utpala CafÃ©,19,santosh k,187,3
Boudha Farmers Market at Utpala CafÃ©,19,Kumar T,507,3.5
Boudha Farmers Market at Utpala CafÃ©,19,Santosh B,508,4
Boudha Farmers Market at Utpala CafÃ©,19,mahesh,509,4.5
Boudha Farmers Market at Utpala CafÃ©,19,kailash p,510,4.5
Boudha Farmers Market at Utpala CafÃ©,19,Cp S,511,4
Boudha Farmers Market at Utpala CafÃ©,19,Mark lodico,512,3.5
Chhango Adventure Canyoning In Nepal,29,Saar Litmanovich,513,3
Chhango Adventure Canyoning In Nepal,29,Revolver,514,3.5
Chhango Adventure Canyoning In Nepal,29,Laurapeake1,515,3
Chhango Adventure Canyoning In Nepal,29,Jordan G,516,4.5
Chhango Adventure Canyoning In Nepal,29,Ayush Man Tamrakar,517,4
Chhango Adventure Canyoning In Nepal,29,Yoni C,518,5
Chhango Adventure Canyoning In Nepal,29,Jakobbo,519,4.5
Chhango Adventure Canyoning In Nepal,29,Andrey G,520,5
Chhango Adventure Canyoning In Nepal,29,neerutuladhar8,521,4
Chhango Adventure Canyoning In Nepal,29,Prajeena M,522,3.5
Bouddha Stupa Thanka Center,17,Rebecca,395,3.5
Bouddha Stupa Thanka Center,17,TBSMKS,523,4
Bouddha Stupa Thanka Center,17,Fiddle-gal,524,3
Bouddha Stupa Thanka Center,17,BriardM0m,525,4
Bouddha Stupa Thanka Center,17,Adventurers049,526,4.5
Bouddha Stupa Thanka Center,17,Upasana chettri,316,4.5
Bouddha Stupa Thanka Center,17,PlatinumHoney,527,3.5
Kaiser Library,52,Ruby37,528,4.5
Kaiser Library,52,Sanath Kumar,529,4
Kaiser Library,52,YNNYN,530,4
Kaiser Library,52,Andreas M,531,3.5
Kaiser Library,52,VdaK,432,3
Kaiser Library,52,797david,532,5
Kaiser Library,52,AS_Amsterdam,533,4.5
Kaiser Library,52,GThapa,534,3.5
Kaiser Library,52,adhikarinep11,535,4
Kaiser Library,52,Sakesh K,536,3
Vaisha Dev(Toothache Tree),114,Det,537,2.5
Vaisha Dev(Toothache Tree),114,loo c,79,2
Vaisha Dev(Toothache Tree),114,pglejm,538,3.5
Vaisha Dev(Toothache Tree),114,cazbatt,539,3.5
Vaisha Dev(Toothache Tree),114,Kciff,540,3
Vaisha Dev(Toothache Tree),114,bhumi1008,370,4
Vaisha Dev(Toothache Tree),114,vineet4u2016,541,4
Vaisha Dev(Toothache Tree),114,Sumitkoul,542,3.5
Vaisha Dev(Toothache Tree),114,Ashima Tiku,543,4
Vaisha Dev(Toothache Tree),114,322Tim,544,3.5
Music museum of Nepal,76,Martin Archambault,545,4
Music museum of Nepal,76,Tiv,546,4.5
Music museum of Nepal,76,Joshua R,547,4
Music museum of Nepal,76,thandul nath,548,3.5
Music museum of Nepal,76,ÃÅ“ÃÂ°ÃÂºÃ‘ÂÃÂ¸ÃÂ¼ Ãâ€˜ÃÂµÃ‘â‚¬ÃÂµÃ‘ÂÃ‘â€šÃÂ¾ÃÂ²Ã‘ÂÃÂºÃÂ¸ÃÂ¹,549,3
Music museum of Nepal,76,Laura P,550,3
Music museum of Nepal,76,Charon IX,551,4.5
Kathmandu Fun Park,60,Kiara,552,4
Kathmandu Fun Park,60,Greg48,553,3.5
Kathmandu Fun Park,60,Abhinav P,554,4.5
Kathmandu Fun Park,60,Uttam Shrestha,555,3.5
Bhimsen Tower,13,Trek with Serku,309,3
Bhimsen Tower,13,JennLewDC,556,4.5
Bhimsen Tower,13,TheTravelling Boy,557,3.5
Bhimsen Tower,13,Greby V,558,4
Bhimsen Tower,13,Niranjan L,490,4
Bhimsen Tower,13,EdMarzec,559,3.5
Bhimsen Tower,13,ibrahimarab,560,3
Bhimsen Tower,13,bhumi1008,370,4.5
Bhimsen Tower,13,nik_0107,323,4
Bhimsen Tower,13,vineet4u2016,541,3.5
Tridevi temple,112,Oldjack,354,3.5
Tridevi temple,112,Dustin T,561,4
Tridevi temple,112,christopher Marco,562,4
Tridevi temple,112,Pushpendra Khadka,563,3
Tridevi temple,112,AJ W,564,4.5
Tridevi temple,112,bhumi1008,370,5
Tridevi temple,112,vineet4u2016,541,3.5
Tridevi temple,112,Sumitkoul,542,3
Tridevi temple,112,Ashima Tiku,543,3
Himalayam arts gallery,45,Jazz,565,4.5
Himalayam arts gallery,45,Ginette,566,3.5
Himalayam arts gallery,45,Toni G,372,3
Himalayam arts gallery,45,urmola,567,3.5
Guru Lhakhang Monastery,42,AZCasualTraveler,162,2.5
Guru Lhakhang Monastery,42,One_of_the_BOFs,363,3
Guru Lhakhang Monastery,42,Oldjack,354,3.5
Guru Lhakhang Monastery,42,Peregrineri,376,4
Rani Pokhari(Queen Pond),90,robie k,568,3.5
Rani Pokhari(Queen Pond),90,Dave,199,3.5
Rani Pokhari(Queen Pond),90,Jalal Iqbal,111,4.5
Rani Pokhari(Queen Pond),90,Kyale Chn,141,4
Rani Pokhari(Queen Pond),90,Rajivglobaltraveller,569,3
Rani Pokhari(Queen Pond),90,scoodly,463,3.5
Rani Pokhari(Queen Pond),90,JamesHarry W,366,4
Rani Pokhari(Queen Pond),90,Ricardo R,570,4
Rani Pokhari(Queen Pond),90,TheTravelling Boy,557,4.5
Rani Pokhari(Queen Pond),90,cazbatt,539,3
Wood craft Gallery,118,hilde201,571,3.5
Wood craft Gallery,118,Jim lee,572,2.5
Wood craft Gallery,118,Sapta Raj B,573,3.5
Kasthamandap,57,robie k,568,3
Kasthamandap,57,One_of_the_BOFs,363,3
Kasthamandap,57,Oldjack,354,4
Kasthamandap,57,Selim R,574,3.5
Kasthamandap,57,Wynn R,436,3.5
Kasthamandap,57,Kerry R,575,4
Kasthamandap,57,Trek with Serku,309,4
Kasthamandap,57,Malab S,576,3.5
Kasthamandap,57,prerak75,577,3
Kasthamandap,57,annesophie,578,4.5
Namkha Khyung Dzong Rigdin Choling Monastery,79,alinechrist77,579,4
Namkha Khyung Dzong Rigdin Choling Monastery,79,mathapa,580,3.5
Namkha Khyung Dzong Rigdin Choling Monastery,79,Lizziekendrick123,581,3
Namkha Khyung Dzong Rigdin Choling Monastery,79,sitarawebster,582,4.5
Namkha Khyung Dzong Rigdin Choling Monastery,79,MerrybentTraveller,583,3
Namkha Khyung Dzong Rigdin Choling Monastery,79,PMW1998,584,3.5
Namkha Khyung Dzong Rigdin Choling Monastery,79,jersey2kathmandu,585,3.5
Namkha Khyung Dzong Rigdin Choling Monastery,79,347sohan,586,3
Casino Mahjong,23,Paarikshit N,587,4
Casino Mahjong,23,Johari Jaipur,588,2
Casino Mahjong,23,manish t,589,2.5
Casino Mahjong,23,Komal K,590,3
Casino Mahjong,23,Aarti S,591,4.5
Casino Mahjong,23,gauravsaini00,592,4
Casino Mahjong,23,Gaggid,593,4
Casino Mahjong,23,Sghosh1967,594,3.5
Casino Mahjong,23,prerna62,595,3
Casino Mahjong,23,RangaLK,596,4
"The Tribhuvan,Mahendra,and Birendra Museums",110,etudiant4_green,423,2
"The Tribhuvan,Mahendra,and Birendra Museums",110,RayICue,597,2.5
"The Tribhuvan,Mahendra,and Birendra Museums",110,GoGo2SlowGo,503,3
"The Tribhuvan,Mahendra,and Birendra Museums",110,LuizDutraNeto,598,4
"The Tribhuvan,Mahendra,and Birendra Museums",110,igor_luzanov,599,3.5
"The Tribhuvan,Mahendra,and Birendra Museums",110,swopnil-himalayan,464,3.5
"The Tribhuvan,Mahendra,and Birendra Museums",110,Erwin K,600,3
"The Tribhuvan,Mahendra,and Birendra Museums",110,anupam b,601,4
"The Tribhuvan,Mahendra,and Birendra Museums",110,JAGDISH RAVAL,602,4.5
"The Tribhuvan,Mahendra,and Birendra Museums",110,Gopinath Prabhu,603,5
Hidden valley(Khumjung Green valley),44,Tashi sherpa (Guide),604,4
Hidden valley(Khumjung Green valley),44,Kalkan White,605,4.5
Hidden valley(Khumjung Green valley),44,Tashi S,606,3.5
Hidden valley(Khumjung Green valley),44,gokyolakesidelodge,607,3
Kashmiri Mosque,56,kiltmaker2,608,3
Millionaire's Club and Casino,73,Pradeep A,193,2.5
Millionaire's Club and Casino,73,Sriharsha C,609,3.5
Millionaire's Club and Casino,73,amit1145,610,3
Millionaire's Club and Casino,73,CDL85,611,3.5
Millionaire's Club and Casino,73,Foo Kelvin,612,4
Millionaire's Club and Casino,73,vdalm,613,3.5
Nepal Art Council Gallery,84,JÃƒÂ¸rn S,614,4
Nepal Art Council Gallery,84,uncle-wiki,615,3
Gaddhi Baithak,36,One_of_the_BOFs,363,3.5
Gaddhi Baithak,36,Oldjack,354,3.5
Gaddhi Baithak,36,Tomi V,616,3
Gaddhi Baithak,36,andrea2359,617,3
Casino Rad,24,Argyridou S,470,4.5
Casino Rad,24,Abbey Schultz,618,3.5
Casino Rad,24,Shantanubose82,619,3
Casino Rad,24,Shiva J,620,4
Casino Rad,24,Rohit M,621,4.5
Casino Rad,24,Swatiib,622,3
Casino Rad,24,Gaurav Sharma,623,3.5
Casino Rad,24,gauravsaini00,592,4
Casino Rad,24,williamliao1002,624,4
Casino Rad,24,Nikhil K,625,3.5
Sundarijal waterfall,100,Pepsi,200,3.5
Sundarijal waterfall,100,Samikshya Kunwar,626,4
Sundarijal waterfall,100,Kiran S,167,4.5
Sundarijal waterfall,100,Christine K,627,4
Sundarijal waterfall,100,Shiva R,461,4
Sundarijal waterfall,100,bhumi1008,370,3.5
Sundarijal waterfall,100,hawaiiva,628,3
Sundarijal waterfall,100,PKinSingapore,629,5
Shiva Mandir Temple,97,pglejm,538,5
Shiva Mandir Temple,97,cazbatt,539,3.5
Shiva Mandir Temple,97,vineet4u2016,541,3
Shiva Mandir Temple,97,Sumitkoul,542,4
Shiva Mandir Temple,97,Ashima Tiku,543,4.5
Bhagwati Mandir Temple,12,One_of_the_BOFs,363,3.5
Bhagwati Mandir Temple,12,Yasisurie K,630,3
Ghanta Ghar Clock Tower,39,Kiran S,167,4.5
Ghanta Ghar Clock Tower,39,Jalal Iqbal,111,4
Ghanta Ghar Clock Tower,39,Ashima Tiku,543,3.5
Ghanta Ghar Clock Tower,39,vineet4u2016,541,3.5
Ghanta Ghar Clock Tower,39,Sumitkoul,542,3
Ghanta Ghar Clock Tower,39,basuarindam,631,3
Jamchen Lakhang Monastery,50,One_of_the_BOFs,363,2.5
Big Bell,14,One_of_the_BOFs,363,3
Big Bell,14,Ashima Tiku,543,3.5
Migrasthali Deer Park,71,Peregrineri,376,3.5
Migrasthali Deer Park,71,bhumi1008,370,4
Migrasthali Deer Park,71,Dattatreya G,632,4.5
Migrasthali Deer Park,71,atmanand douglas,633,4
Universal Crafts,113,hazzamarri2442,421,3.5
Universal Crafts,113,Trent M,634,3
Universal Crafts,113,gem292706,635,3.5
Mero Chitra Wears,70,Anton_Hoffeneffer,636,3.5
Mero Chitra Wears,70,khem s,637,4
Casino Everest,22,abch934,638,4
Casino Everest,22,Daroga P,639,4
Casino Everest,22,ying z,640,3.5
Casino Everest,22,tanakaislam,641,3
Casino Everest,22,Jason L,642,2.5
Casino Everest,22,jwatson1424,643,3
Maju Dega Mandir Temple,65,One_of_the_BOFs,363,3.5
Maju Dega Mandir Temple,65,Honisoiquimalypense,644,3
Gauri Gaht,38,Nova Evan Baskara,484,3
Monasterio Tibetano Boudhanat,74,Luigi V,645,4.5
Monasterio Tibetano Boudhanat,74,franco1953Genova,646,4
Monasterio Tibetano Boudhanat,74,Eduardo M,647,3.5
Kalikasthan Temple,54,Peregrineri,376,3
Kirateshwar  Mahadev,62,Peregrineri,376,3
Khawalung Monastery,61,Tessa E,648,3.5
Khawalung Monastery,61,Shubham669,649,3.5
Khawalung Monastery,61,Lena P,650,3
Khawalung Monastery,61,Globetrotter,651,4
Khawalung Monastery,61,caught_in_the_Du,652,4.5
Khawalung Monastery,61,Choo_Travel,653,3.5
Vishnu Mandir Temple,116,Murat B,654,3.5
Vishnu Mandir Temple,116,Ricardo R,570,3
Vishnu Mandir Temple,116,Sundara Rajan N,655,3.5
Dolma Treks,33,Tessa F,656,3.5
Dolma Treks,33,Kered,657,4
Dolma Treks,33,elizabeth l,658,2.5
Chyasin Dega Temple,30,One_of_the_BOFs,363,3.5
Bhadrakali Temple,11,Isabella S,102,3.5
Bhadrakali Temple,11,sagarbhattarai,659,4
Bhadrakali Temple,11,cgpurohit,660,3.5
Bhadrakali Temple,11,bhumi1008,370,3
Bhadrakali Temple,11,Ashima Tiku,543,4
Bhadrakali Temple,11,vineet4u2016,541,4.5
Bhadrakali Temple,11,Ashima Tiku,543,2.5
Bhadrakali Temple,11,Sumitkoul,542,4
Bhadrakali Temple,11,virginiafgreen,661,4
The City Museum Kathmandu,107,Manish,662,4.5
The City Museum Kathmandu,107,lauv,663,3
The City Museum Kathmandu,107,Gunraj S,664,2.5
The City Museum Kathmandu,107,Buzz E,665,3.5
The City Museum Kathmandu,107,Judith A,462,4
Bachhareshwari Mandir Temple,8,Upasana chettri,316,3
Bachhareshwari Mandir Temple,8,jadams1992,666,3.5
Blue Moon Curio Shop,16,timo,667,2.5
Blue Moon Curio Shop,16,njrd2016,668,3.5
Blue Moon Curio Shop,16,Rawjesh Rajbhandari,669,4
Chabdi Barahi Temple,27,Dattatreya G,632,4
Chabdi Barahi Temple,27,Carly H,670,3.5
Guhyeshwari Temple,41,Sanjay,32,4.5
Guhyeshwari Temple,41,Utkrista,671,3.5
Guhyeshwari Temple,41,Vijay,672,4
Guhyeshwari Temple,41,sunildhar21,312,3
Guhyeshwari Temple,41,Anand_Pune_Travel,673,3.5
Guhyeshwari Temple,41,Malgudiboy,674,4.5
Guhyeshwari Temple,41,Peregrineri,376,3.5
Guhyeshwari Temple,41,TRAVELLERANUP,675,4
Guhyeshwari Temple,41,Shreekant P,676,3
Guhyeshwari Temple,41,bhumi1008,370,3.5
Manakamana Mandir Temple,67,Sivakumar V,104,3.5
Manakamana Mandir Temple,67,Drurman,677,3
Manakamana Mandir Temple,67,VarrierMV,678,4.5
Manakamana Mandir Temple,67,KRAMA200,679,4
Manakamana Mandir Temple,67,ChowdhuryIslam,680,4
Manakamana Mandir Temple,67,Vishnu Pendyala,453,3.5
Manakamana Mandir Temple,67,Anil Sharma Kesri,681,3
Manakamana Mandir Temple,67,expressive-one,682,4.5
Manakamana Mandir Temple,67,kalpana c,683,4
Manakamana Mandir Temple,67,vijayakumarindain,684,4
Durbar Marg Street,34,regm889,685,3.5
Durbar Marg Street,34,Jalal Iqbal,111,4.5
Durbar Marg Street,34,Sid,686,4
Durbar Marg Street,34,Nithya G,687,5
Durbar Marg Street,34,Oldjack,354,4.5
Durbar Marg Street,34,Ravindra K,688,3.5
Durbar Marg Street,34,Gianni,689,3
Durbar Marg Street,34,Prabir G,690,4.5
Durbar Marg Street,34,Sumeet J,691,4
Durbar Marg Street,34,JamesHarry W,366,3
Tribhuvan Park,111,jonathangaertner,692,3.5
Tribhuvan Park,111,Dr.subodh,693,4
Tribhuvan Park,111,Anish M,694,3.5
Tribhuvan Park,111,Santoshi G,695,3.5
Tribhuvan Park,111,Trek with Serku,309,4.5
Tribhuvan Park,111,TriVli,696,3
Tribhuvan Park,111,Sangpo L,697,3.5
Tribhuvan Park,111,bhumi1008,370,4
Tribhuvan Park,111,Chandra K,698,4
Tribhuvan Park,111,Jigs Gaton,699,4
Shiva Parvati Temple,98,One_of_the_BOFs,363,3.5
Shiva Parvati Temple,98,Oldjack,354,3
Shiva Parvati Temple,98,jonahNJ,700,4
Shiva Parvati Temple,98,Hitesh Rathore,701,3.5
Shiva Parvati Temple,98,SHDD,702,3
Shiva Parvati Temple,98,bhumi1008,370,4
Bishal Bazaar,15,burl Kin,703,4
Bishal Bazaar,15,Jalal Iqbal,111,3.5
Bishal Bazaar,15,Ratnesh M,704,3
Bishal Bazaar,15,Arun Treks & Expedition P. Ltd.,705,3.5
Bishal Bazaar,15,accoustic103,706,3.5
Bishal Bazaar,15,Pradeep A,193,3
Bishal Bazaar,15,Dubaide,377,4
Bishal Bazaar,15,Mukesh S,280,3.5
Bishal Bazaar,15,Rina C,707,3.5
Bishal Bazaar,15,Rojan Shrestha,365,3
Annapurna Temple,4,Isabella S,102,4
Annapurna Temple,4,barcaranger,115,3.5
Annapurna Temple,4,KiwiKea,708,3
Annapurna Temple,4,Peregrineri,376,3.5
Annapurna Temple,4,Peregrineri,376,4
Annapurna Temple,4,Ashima Tiku,543,3
Annapurna Temple,4,bhumi1008,370,2.5
Annapurna Temple,4,vineet4u2016,541,3.5
Annapurna Temple,4,Sumitkoul,542,4
Annapurna Temple,4,Ashima Tiku,543,4.5
Maru Ganesh Shrine,69,One_of_the_BOFs,363,2.5
Maru Ganesh Shrine,69,Sumitkumar_13,307,3.5
Maru Ganesh Shrine,69,Ayan H,709,3
Maru Ganesh Shrine,69,bhumi1008,370,4
Maru Ganesh Shrine,69,Sudhir K,710,4
Maru Ganesh Shrine,69,LynneOz,711,4.5
Maru Ganesh Shrine,69,Douglas C,712,3
Maru Ganesh Shrine,69,Gunraj S,664,3.5
Maru Ganesh Shrine,69,7NRG,713,3
Maru Ganesh Shrine,69,swopnil-himalayan,464,4
Ratna Park,91,Jalal Iqbal,111,3
Ratna Park,91,Aussie_Binturong,475,2.5
Ratna Park,91,Rama Krishnan,714,2
Ratna Park,91,kezzzo193,715,2.5
Ratna Park,91,Rendy F,716,3
Ratna Park,91,Dattatreya G,632,3.5
Ratna Park,91,Lillemusen,717,3
Ratna Park,91,swopnil-himalayan,464,5
Ratna Park,91,Gopinath Prabhu,603,3
Ratna Park,91,Quest Travels I,718,2.5
Thahiti Chowk,105,Terrie Christine,719,3.5
Thahiti Chowk,105,Oldjack,354,3
Thahiti Chowk,105,FirstRebreather,381,4.5
Thahiti Chowk,105,moviegeekjn,348,4
Thahiti Chowk,105,scoodly,463,3.5
Thahiti Chowk,105,Ricardo R,570,3
Thahiti Chowk,105,Alaya_Nepal,380,4.5
Thahiti Chowk,105,vineet4u2016,541,4
Thahiti Chowk,105,Sumitkoul,542,4
Thahiti Chowk,105,Ashima Tiku,543,3.5
Nara Devi Temple,81,Oldjack,354,3.5
Nara Devi Temple,81,annie S,720,3.5
Nara Devi Temple,81,vineet4u2016,541,3
Nara Devi Temple,81,Sumitkoul,542,4
Nara Devi Temple,81,Ashima Tiku,543,3.5
Military Museum,72,Jalal Iqbal,111,2
Military Museum,72,oovavoo,422,2.5
Military Museum,72,Zise Shu,721,3
Military Museum,72,Full Time Explorer,722,4.5
Military Museum,72,Kiwisflythecoop,723,3.5
Shanti Spa,95,Michaelbvs,724,3.5
Shanti Spa,95,Hosam A,725,4
Shanti Spa,95,Yuri V,726,4.5
Shanti Spa,95,Voyager464613,727,4
Shanti Spa,95,Turquoise Ã°Å¸â€™â„¢,728,3.5
Shanti Spa,95,Claire,729,4
Shanti Spa,95,Vitthal B,730,4.5
Shanti Spa,95,Mia B,731,5
Shanti Spa,95,Blanca2007,732,5
Shanti Spa,95,Leticia,733,4.5
Gokarneshwor Mahadev Temple,40,Jalal Iqbal,111,3.5
Gokarneshwor Mahadev Temple,40,Trek with Serku,309,3.5
Gokarneshwor Mahadev Temple,40,Yogendra Rajkarnikar,495,3
Gokarneshwor Mahadev Temple,40,bhumi1008,370,4
Gokarneshwor Mahadev Temple,40,PKinSingapore,629,4.5
Makhan Tole,66,Oldjack,354,2.5
Makhan Tole,66,vineet4u2016,541,3.5
Makhan Tole,66,Sumitkoul,542,3
Makhan Tole,66,Ashima Tiku,543,4
Makhan Tole,66,Erwin K,600,3.5
Makhan Tole,66,durgesh R,734,4
